NAME,ONLINE,COMMENT
Alice Nakamya,92,Outstanding performance throughout the term.
Brian Okello,78,"Good effort, keep working hard."
Catherine Walusimbi,85,Excellent work in all areas.
David Ssemwanga,67,Needs to improve on consistency.
Esther Nabukera,95,"Top student, exceptional results."
Frank Ochieng,73,Satisfactory performance.
Grace Nantongo,88,"Very good, keeps improving."
Henry Mugisha,56,Requires more effort in classwork.
Irene Akello,91,"Brilliant work, well done."
James Kizza,70,"Average performance, room to grow."
Karen Namutebi,83,"Strong performance, keep it up."
Lucas Byaruhanga,62,Should focus more on studies.
